"Title","Album","Year","Popularity","Duration","Key","Mode","Tempo","Time_signature","Valence","Danceability","Energy","Loudness","Acousticness","Instrumentalness","Liveness","Speechiness","Songwriter.s.","Lead.vocal.s.","Genre","Styles","Period","titulo_tratado"
"A Day in the Life","Sgt. Pepper's Lonely Hearts Club Band",1967,65,335,4,0,163.219,4,0.175,0.364,0.457,-14.162,0.29,0.000106,0.922,0.0675,"Lennon / McCartney","Lennon and McCartney","Psychedelic Rock, Art Rock, Pop/Rock","British Psychedelia, Contemporary Pop/Rock, Early Pop/Rock, Prog-Rock, Psychedelic/Garage","middle","a day in the life"
"A Hard Day's Night","A Hard Day's Night",1964,71,152,0,1,138.514,4,0.797,0.59,0.805,-6.481,0.137,0,0.0996,0.0371,"Lennon","Lennon, with McCartney","Rock, Electronic, Pop/Rock","British Invasion, Contemporary Pop/Rock, Early Pop/Rock, Merseybeat, Rock & Roll, Adult Contemporary, Alternative/Indie Rock, Britpop, Club/Dance","early","a hard days night"
"A Taste of Honey","Please Please Me",1963,51,163,1,0,101.408,3,0.412,0.42,0.372,-11.416,0.698,0,0.104,0.0327,"Scott / Marlow","McCartney","Pop/Rock, Jazz, Stage&Screen","British Invasion, Early Pop/Rock, Merseybeat, Contemporary Pop/Rock, Cast Recordings, Show Tunes","early","a taste of honey"
"Across the Universe","Let It Be",1968,69,230,1,1,152.126,4,0.858,0.257,0.412,-11.788,0.361,8.68e-05,0.0702,0.0287,"Lennon","Lennon","Psychedelic folk, Pop/Rock","Album Rock, British Psychedelia, Contemporary Pop/Rock, Early Pop/Rock, Psychedelic/Garage, Singer/Songwriter","late","across the universe"
"Act Naturally","Help!",1965,52,139,7,1,93.02,4,0.944,0.702,0.447,-10.122,0.366,0,0.153,0.0308,"Russell / Morrison","Starkey","Country, Pop/Rock","British Invasion, Contemporary Pop/Rock, Early Pop/Rock, Rock & Roll, Country-Rock, Bakersfield Sound","early","act naturally"
"All I've Got to Do","With The Beatles",1963,55,124,1,0,119.403,4,0.879,0.49,0.579,-10.301,0.217,0,0.0644,0.0344,"Lennon","Lennon","Pop/Rock","British Invasion, Contemporary Pop/Rock, Early Pop/Rock, Merseybeat, Rock & Roll","early","all ive got to do"
"All My Loving","With The Beatles",1963,73,124,1,0,77.56,4,0.9,0.416,0.563,-8.724,0.207,0,0.343,0.0298,"McCartney","McCartney","Pop/Rock","British Invasion, Contemporary Pop/Rock, Early Pop/Rock, Merseybeat, Rock & Roll","early","all my loving"
"All Together Now","Yellow Submarine",1967,45,130,2,1,95.937,4,0.778,0.587,0.431,-9.495,0.0722,0,0.561,0.0686,"Lennon / McCartney","McCartney, with Lennon","Skiffle, Pop/Rock","Contemporary Pop/Rock, British Psychedelia, Psychedelic/Garage","late","all together now"
"All You Need Is Love","Magical Mystery Tour",1967,68,237,7,1,103.436,4,0.653,0.4,0.48,-7.768,0.346,3.1e-05,0.155,0.0295,"Lennon","Lennon","Pop/Rock","Contemporary Pop/Rock, British Psychedelia, Psychedelic/Garage","middle","all you need is love"
"And I Love Her","A Hard Day's Night",1964,74,152,1,0,113.312,4,0.636,0.767,0.331,-10.777,0.64,0,0.0681,0.0337,"Lennon / McCartney","McCartney","Pop/Rock","British Invasion. Contemporary Pop/Rock, Early Pop/Rock, Merseybeat, Adult Contemporary, Alternative/Indie Rock, Britpop","early","and i love her"
"And Your Bird Can Sing","Revolver",1966,58,121,4,1,132.59,4,0.966,0.555,0.65,-6.936,0.0067,0.0491,0.236,0.0282,"Lennon / McCartney","Lennon","Power Pop, Psychedelic Pop, Pop/Rock","British Invasion, British Psychedelia, Contemporary Pop/Rock, Early Pop/Rock, Psychedelic/Garage, Rock & Roll","middle","and your bird can sing"
"Anna (Go to Him)","Please Please Me",1963,58,168,2,1,109.286,4,0.835,0.608,0.565,-11.06,0.635,0,0.0601,0.0336,"Alexander","Lennon","Soul, Pop/Rock","British Invasion, Early Pop/Rock, Merseybeat, Contemporary Pop/Rock, Rock & Roll","early","anna go to him"
"Another Girl","Help!",1965,52,124,9,1,88.657,4,0.822,0.516,0.638,-7.453,0.238,0,0.333,0.0314,"McCartney","McCartney","Country Rock, Pop/Rock","British Invasion, Contemporary Pop/Rock, Early Pop/Rock, Rock & Roll","early","another girl"
"Any Time at All","A Hard Day's Night",1964,52,133,2,1,141.016,4,0.744,0.612,0.719,-7.026,0.366,3.88e-06,0.437,0.0398,"Lennon / McCartney","Lennon, with McCartney","Pop/Rock","British Invasion, Contemporary Pop/Rock, Early Pop/Rock, Merseybeat, Rock & Roll, Adult Contemporary, Alternative/Indie Rock, Britpop","early","any time at all"
"Ask Me Why","Please Please Me",1962,52,144,4,1,133.942,4,0.597,0.605,0.394,-11.33,0.767,0,0.0967,0.0378,"Lennon / McCartney","Lennon","Pop/Rock","British Invasion, Early Pop/Rock, Merseybeat, Contemporary Pop/Rock, Rock & Roll","early","ask me why"
"Baby It's You","Please Please Me",1963,56,162,4,0,112.421,4,0.879,0.608,0.494,-12.211,0.778,0,0.0926,0.0345,"Bacharach / David / Dixon","Lennon","Pop/Rock","British Invasion, Early Pop/Rock, Merseybeat, Contemporary Pop/Rock, Rock & Roll","early","baby its you"
"Baby's in Black","Beatles For Sale",1964,48,122,9,1,202.97,3,0.876,0.374,0.596,-7.666,0.434,0,0.098,0.0416,"Lennon / McCartney","Lennon and McCartney","Folk Rock, Pop/Rock","British Invasion, Contemporary Pop/Rock, Early Pop/Rock, Rock & Roll, Country-Rock","early","babys in black"
"Baby, You're a Rich Man","Magical Mystery Tour",1967,55,183,7,1,96.751,4,0.467,0.619,0.625,-9.635,0.0119,1.05e-06,0.152,0.036,"Lennon / McCartney","Lennon","Psychedelic Pop, Psychedelic Rock, Pop/Rock","British Psychedelia, Contemporary Pop/Rock, Early Pop/Rock, Psychedelic/Garage","middle","baby youre a rich man"
"Back in the U.S.S.R.","The Beatles",1968,65,163,9,1,142.489,4,0.494,0.48,0.969,-7.464,0.069,0.00022,0.0608,0.0854,"McCartney","McCartney","Rock and Roll, Hard Rock, Pop/Rock","Contemporary Pop/Rock, Hard Rock, Rock & Roll, Early Pop/Rock, Album Rock","late","back in the ussr"
"Because","Abbey Road",1969,60,165,2,1,81.257,4,0.162,0.328,0.249,-11.777,0.754,5.77e-06,0.134,0.0272,"Lennon","Lennon, McCartney, Harrison","Pop/Rock","Contemporary Pop/Rock, Early Pop/Rock, Prog-Rock, British Psychedelia, Psychedelic/Garage, Album Rock","late","because"
"Being for the Benefit of Mr. Kite!","Sgt. Pepper's Lonely Hearts Club Band",1967,54,157,0,1,111.874,4,0.71,0.526,0.413,-9.865,0.338,0,0.0992,0.0446,"Lennon / McCartney","Lennon","Experimental Rock, Psychedelic Rock, Circus, Pop/Rock","British Psychedelia, Psychedelic/Garage, Contemporary Pop/Rock, Early Pop/Rock","middle","being for the benefit of mr kite"
"Birthday","The Beatles",1968,57,162,2,1,139.239,4,0.91,0.541,0.727,-7.509,7.37e-05,0.717,0.232,0.0384,"Lennon / McCartney","McCartney, with Lennon","Hard Rock, Rock and Roll, Pop/Rock","Contemporary Pop/Rock, Early Pop/Rock, Hard Rock, Rock & Roll, Album Rock","late","birthday"
"Blackbird","The Beatles",1968,79,139,7,1,93.699,4,0.372,0.686,0.127,-14.361,0.754,1.41e-05,0.0573,0.0342,"McCartney","McCartney","Folk, Pop/Rock","Contemporary Pop/Rock, Early Pop/Rock, Folk-Rock, Psychedelic/Garage, Singer/Songwriter","late","blackbird"
"Blue Jay Way","Magical Mystery Tour",1967,53,235,0,1,101.052,4,0.0378,0.294,0.407,-11.575,0.0258,0.000219,0.0852,0.0308,"Harrison","Harrison","Psychedelic Rock, Pop/Rock","British Psychedelia, Contemporary Pop/Rock, Early Pop/Rock, Psychedelic/Garage","middle","blue jay way"
"Boys","Please Please Me",1963,51,144,4,1,142.445,4,0.822,0.402,0.86,-10.31,0.607,0,0.736,0.0504,"Dixon / Farrell","Starkey (Best)","Rock and Roll, Pop/Rock","British Invasion, Contemporary Pop/Rock, Early Pop/Rock, Merseybeat, Rock & Roll","early","boys"
"Can't Buy Me Love","A Hard Day's Night",1964,70,131,0,1,170.72,4,0.842,0.483,0.677,-5.91,0.283,0,0.321,0.0593,"McCartney","McCartney, with Lennon","Pop/Rock","British Invasion, Contemporary Pop/Rock, Early Pop/Rock, Merseybeat, Rock & Roll, Adult Contemporary, Alternative/Indie Rock, Britpop","early","cant buy me love"
"Carry That Weight","Abbey Road",1969,62,96,0,1,84.319,4,0.704,0.543,0.458,-8.976,0.226,0.00663,0.298,0.0274,"McCartney","McCartney, with Lennon, Harrison and Starkey","Symphonic Rock, Pop/Rock","Album Rock, Contemporary Pop/Rock, Early Pop/Rock, Prog-Rock","late","carry that weight"
"Chains","Please Please Me",1963,50,143,10,1,129.884,4,0.929,0.654,0.561,-10.551,0.608,0,0.129,0.0304,"Goffin / King","Harrison, with Lennon and McCartney","Rock and Roll, Pop/Rock","British Invasion, Contemporary Pop/Rock, Early Pop/Rock, Merseybeat, Rock & Roll","early","chains"
"Come Together","Abbey Road",1969,81,258,9,0,165.007,4,0.187,0.533,0.376,-11.913,0.0302,0.248,0.0926,0.0393,"Lennon","Lennon","Blues Rock, Pop/Rock","Album Rock, Contemporary Pop/Rock, Early Pop/Rock, Hard Rock, Rock & Roll","late","come together"
"Cry Baby Cry","The Beatles",1968,52,183,9,0,76.644,4,0.362,0.517,0.529,-11.851,0.115,0.00396,0.174,0.0323,"Lennon","Lennon, with McCartney","Pop/Rock","Contemporary Pop/Rock, Early Pop/Rock, Album Rock, British Psychedelia, Psychedelic/Garage","late","cry baby cry"
"Dear Prudence","The Beatles",1968,61,236,7,1,150.721,4,0.332,0.388,0.529,-10.533,0.16,0.0681,0.108,0.0436,"Lennon","Lennon","Rock, Pop/Rock","British Psychedelia, Contemporary Pop/Rock, Early Pop/Rock, Psychedelic/Garage","late","dear prudence"
"Devil in Her Heart","With The Beatles",1963,49,147,7,1,121.072,4,0.966,0.618,0.622,-8.861,0.227,0,0.0438,0.0296,"Drapkin","Harrison","Rock, Pop/Rock","British Invasion, Contemporary Pop/Rock, Early Pop/Rock, Merseybeat, Rock & Roll","early","devil in her heart"
"Dig It","Let It Be",1969,48,51,5,1,157.03,3,0.67,0.54,0.489,-12.276,0.659,0.0019,0.457,0.117,"Lennon / McCartney / Harrison / Starkey","Lennon","Rock, Pop/Rock","Album Rock, Contemporary Pop/Rock, Early Pop/Rock, Rock & Roll","late","dig it"
"Dig a Pony","Let It Be",1969,54,232,11,0,59.004,4,0.527,0.538,0.478,-8.957,0.472,0,0.17,0.0388,"Lennon","Lennon","Blues Rock, Pop/Rock","Album Rock, Contemporary Pop/Rock, Early Pop/Rock, Hard Rock, Rock & Roll","late","dig a pony"
"Dizzy Miss Lizzy","Help!",1965,50,145,9,1,136.037,4,0.918,0.373,0.934,-6.753,0.116,0.00445,0.0962,0.0591,"Williams","Lennon","Rock and Roll, Pop/Rock","British Invasion, Contemporary Pop/Rock, Rock & Roll","early","dizzy miss lizzy"
"Do You Want to Know a Secret?","Please Please Me",1963,66,116,4,1,124.451,4,0.609,0.673,0.349,-12.414,0.608,0,0.38,0.0368,"Lennon","Harrison","Pop/Rock","British Invasion, Early Pop/Rock, Merseybeat, Contemporary Pop/Rock, Rock & Roll","early","do you want to know a secret"
"Doctor Robert","Revolver",1966,52,135,4,1,164.626,4,0.574,0.394,0.64,-8.992,0.164,0.139,0.153,0.0488,"Lennon / McCartney","Lennon","Psychedelic Rock, Power Pop, Pop/Rock","British Invasion, Contemporary Pop/Rock, Early Pop/Rock, Rock & Roll, British Psychedelia, Psychedelic/Garage","middle","doctor robert"
"Don't Bother Me","With The Beatles",1963,53,149,2,1,170.377,4,0.916,0.371,0.724,-9.792,0.554,0,0.299,0.0562,"Harrison","Harrison","Rock and Roll, Pop/Rock","British Invasion, Contemporary Pop/Rock, Early Pop/Rock, Merseybeat, Rock & Roll","early","dont bother me"
"Don't Pass Me By","The Beatles",1968,52,231,0,1,84.895,4,0.946,0.599,0.537,-9.617,0.594,1.92e-05,0.194,0.0254,"Starkey","Starkey","Country Rock, Pop/Rock","Contemporary Pop/Rock, Early Pop/Rock, Rock & Roll, Country-Rock","late","dont pass me by"
"Drive My Car","Rubber Soul",1965,69,148,2,1,122.463,4,0.82,0.754,0.571,-8.547,0.0173,0,0.3,0.0421,"Lennon / McCartney","McCartney, with Lennon","Rock, R&B, Pop/Rock","British Invasion, Contemporary Pop/Rock, Early Pop/Rock, Rock & Roll","middle","drive my car"
"Eight Days a Week","Beatles For Sale",1964,69,164,9,1,138.134,4,0.744,0.652,0.583,-7.811,0.412,0,0.119,0.038,"Lennon / McCartney","Lennon, with McCartney","Rock, Pop/Rock","British Invasion, Contemporary Pop/Rock, Early Pop/Rock, Rock & Roll","early","eight days a week"
"Eleanor Rigby","Revolver",1966,72,128,4,0,137.831,4,0.813,0.581,0.28,-9.091,0.936,1.56e-05,0.305,0.0381,"McCartney","McCartney","Baroque Pop, Art Rock, Pop/Rock","Baroque Pop, British Invasion, Contemporary Pop/Rock, Early Pop/Rock","middle","eleanor rigby"
"Every Little Thing","Beatles For Sale",1964,48,121,2,1,123.227,4,0.678,0.74,0.49,-9.095,0.488,0,0.103,0.038,"McCartney","Lennon, with McCartney","Rock, Pop/Rock","British Invasion, Contemporary Pop/Rock, Early Pop/Rock","early","every little thing"
"Everybody's Got Something to Hide Except Me and My Monkey","The Beatles",1968,52,144,2,1,117.089,4,0.81,0.523,0.731,-8.613,0.0207,0.000464,0.081,0.0559,"Lennon","Lennon","Hard Rock, Pop/Rock","Contemporary Pop/Rock, Early Pop/Rock, Hard Rock, Rock & Roll, Album Rock","late","everybodys got something to hide except me and my monkey"
"Everybody's Trying to Be My Baby","Beatles For Sale",1964,46,143,4,1,85.172,4,0.943,0.543,0.806,-7.231,0.466,0,0.134,0.0385,"Perkins","Harrison","Rock and Roll, Rockabilly, Pop/Rock","British Invasion, Contemporary Pop/Rock, Early Pop/Rock, Rock & Roll, Rockabilly","early","everybodys trying to be my baby"
"Fixing a Hole","Sgt. Pepper's Lonely Hearts Club Band",1967,56,146,0,0,112.984,4,0.619,0.469,0.507,-8.917,0.382,0,0.0783,0.0451,"McCartney","McCartney","Psychedelic pop, Baroque Pop, Pop/Rock","Contemporary Pop/Rock, Early Pop/Rock, British Psychedelia, Psychedelic/Garage","middle","fixing a hole"
"Flying","Magical Mystery Tour",1967,53,137,0,1,92.929,4,0.261,0.551,0.395,-14.755,0.368,0.88,0.0932,0.0501,"Lennon / McCartney / Harrison / Starkey","","Psychedelic Rock, Instrumental Rock, Space Rock, Pop/Rock","British Psychedelia, Contemporary Pop/Rock, Early Pop/Rock, Instrumental Rock, Psychedelic/Garage","middle","flying"
"For No One","Revolver",1966,67,121,1,0,81.208,4,0.713,0.483,0.351,-10.487,0.783,0,0.115,0.0278,"McCartney","McCartney","Baroque Pop, Pop/Rock","British Invasion, Contemporary Pop/Rock, Early Pop/Rock","middle","for no one"
"For You Blue","Let It Be",1969,52,152,2,1,128.542,4,0.955,0.88,0.556,-10.773,0.24,0.0483,0.24,0.0855,"Harrison","Harrison","Country Blues, Pop/Rock, Blues","Album Rock, Contemporary Pop/Rock, Early Pop/Rock, Rock & Roll, Blues-Rock, British Blues, Regional Blues","late","for you blue"
"Get Back","Let It Be",1969,70,194,2,1,123.095,4,0.332,0.761,0.592,-9.836,0.492,0.00626,0.61,0.0586,"McCartney","McCartney","Blues Rock, Pop/Rock","Album Rock, Contemporary Pop/Rock, Early Pop/Rock, Rock & Roll","late","get back"
"Getting Better","Sgt. Pepper's Lonely Hearts Club Band",1967,56,167,0,1,121.672,4,0.764,0.632,0.471,-7.887,0.313,5.08e-06,0.0712,0.0348,"Lennon / McCartney","McCartney","Psychedelic Rock, Pop/Rock","Contemporary Pop/Rock, Early Pop/Rock, Rock & Roll, British Psychedelia, Psychedelic/Garage","middle","getting better"
"Girl","Rubber Soul",1965,66,153,5,0,96.615,4,0.893,0.699,0.294,-13.205,0.587,0,0.117,0.0294,"Lennon","Lennon","Folk, Pop/Rock","British Invasion, Contemporary Pop/Rock, Early Pop/Rock, Folk-Rock, Psychedelic/Garage, Singer/Songwriter","middle","girl"
"Glass Onion","The Beatles",1968,58,137,7,0,120.432,4,0.789,0.523,0.51,-9.827,0.0123,8.38e-05,0.108,0.0514,"Lennon","Lennon","Psychedelic Rock, Pop/Rock","British Psychedelia, Contemporary Pop/Rock, Early Pop/Rock, Hard Rock, Psychedelic/Garage, Rock & Roll","late","glass onion"
"Golden Slumbers","Abbey Road",1969,70,91,0,1,80.608,4,0.239,0.419,0.152,-12.126,0.326,0.0034,0.113,0.0277,"McCartney","McCartney","Rock, Baroque Pop, Pop/Rock","Album Rock, Contemporary Pop/Rock, Early Pop/Rock, Prog-Rock","late","golden slumbers"
"Good Day Sunshine","Revolver",1966,65,129,11,1,117.331,3,0.571,0.77,0.496,-8.45,0.719,0,0.123,0.0468,"McCartney","McCartney","Sunshine Pop, Music Hall, Pop/Rock","British Invasion, Contemporary Pop/Rock, Early Pop/Rock","middle","good day sunshine"
"Good Morning, Good Morning","Sgt. Pepper's Lonely Hearts Club Band",1967,52,161,2,1,121.849,3,0.93,0.542,0.618,-8.876,0.0858,0,0.772,0.139,"Lennon","Lennon","Rock, Hard Rock, Pop/Rock","British Psychedelia, Contemporary Pop/Rock, Early Pop/Rock, Psychedelic/Garage, Rock & Roll, Hard Rock","middle","good morning good morning"
"Good Night","The Beatles",1968,51,191,7,1,146.408,3,0.178,0.146,0.355,-14.583,0.865,0.835,0.114,0.0352,"Lennon","Starkey","Orchestral Pop, Lullaby, Pop/Rock","Lullabies, Contemporary Pop/Rock, Early Pop/Rock, Baroque Pop","late","good night"
"Got to Get You Into My Life","Revolver",1966,60,147,0,1,136.679,4,0.711,0.521,0.524,-6.136,0.42,9.27e-06,0.0838,0.0302,"McCartney","McCartney","R&B, Rock, Jazz Fusion, Pop/Rock","British Invasion, Contemporary Pop/Rock, Early Pop/Rock, Pop-Soul, Rock & Roll, Soul","middle","got to get you into my life"
"Happiness Is a Warm Gun","The Beatles",1968,61,163,9,0,139.288,4,0.44,0.431,0.54,-9.6,0.523,1.34e-06,0.169,0.0589,"Lennon","Lennon","Pop/Rock","British Psychedelia, Contemporary Pop/Rock, Early Pop/Rock, Psychedelic/Garage, Hard Rock, Prog-Rock","late","happiness is a warm gun"
"Hello, Goodbye","Magical Mystery Tour",1967,63,207,0,1,99.307,4,0.806,0.479,0.733,-8.753,0.306,2.4e-05,0.414,0.0256,"McCartney","McCartney","Pop/Rock","British Psychedelia, Contemporary Pop/Rock, Early Pop/Rock, Psychedelic/Garage","middle","hello goodbye"
"Help!","Help!",1965,74,138,6,0,95.003,4,0.763,0.534,0.725,-7.576,0.188,0,0.0994,0.0332,"Lennon / McCartney","Lennon","Folk Rock, Pop/Rock","British Invasion, Contemporary Pop/Rock, Early Pop/Rock, Rock & Roll, Folk-Rock, Psychedelic/Garage","early","help"
"Helter Skelter","The Beatles",1968,63,270,9,1,167.518,4,0.281,0.166,0.831,-8.469,0.000606,0.846,0.811,0.0894,"McCartney","McCartney","Hard Rock, Heavy Metal[, Proto-Punk, Pop/Rock","Album Rock, Contemporary Pop/Rock, Hard Rock, Heavy Metal, Rock & Roll","late","helter skelter"
"Her Majesty","Abbey Road",1969,27,23,2,1,100.874,3,0.522,0.703,0.215,-23.03,0.728,1.23e-06,0.13,0.0892,"McCartney","McCartney","Music Hall, Folk, Pop/Rock","Contemporary Pop/Rock, Early Pop/Rock, Singer/Songwriter, Album Rock","late","her majesty"
"Here Comes the Sun","Abbey Road",1969,87,186,9,1,129.171,4,0.394,0.557,0.54,-10.484,0.0339,0.00248,0.179,0.0347,"Harrison","Harrison","Folk Pop, Pop/Rock","Album Rock, Contemporary Pop/Rock, Early Pop/Rock","late","here comes the sun"
"Here, There and Everywhere","Revolver",1966,70,145,7,1,165.361,4,0.36,0.29,0.247,-12.125,0.921,0.00565,0.0917,0.0383,"McCartney","McCartney","Soft Rock, Pop/Rock","British Invasion, Contemporary Pop/Rock, Early Pop/Rock","middle","here there and everywhere"
"Hey Bulldog","Yellow Submarine",1968,55,194,7,1,100.495,4,0.947,0.587,0.617,-9.164,0.0197,0.639,0.199,0.028,"Lennon","Lennon","Psychedelic Rock, Hard Rock, Pop/Rock","Contemporary Pop/Rock, Hard Rock, Psychedelic/Garage, Rock & Roll, British Psychedelia, Early Pop/Rock","late","hey bulldog"
"Hold Me Tight","With The Beatles",1963,50,152,5,1,135.731,4,0.963,0.54,0.744,-9.637,0.664,0,0.21,0.0312,"Lennon / McCartney","McCartney","Rock & Roll, Pop/Rock","British Invasion, Contemporary Pop/Rock, Early Pop/Rock, Merseybeat, Rock & Roll","early","hold me tight"
"Honey Don't","Beatles For Sale",1964,46,173,4,1,162.438,4,0.735,0.629,0.545,-11.466,0.473,5.08e-05,0.0854,0.0348,"Perkins","Starkey","Rockabilly, Pop/Rock","British Invasion, Contemporary Pop/Rock, Rock & Roll, Rockabilly","early","honey dont"
"Honey Pie","The Beatles",1968,53,161,7,1,144.197,4,0.553,0.537,0.297,-15.452,0.88,1.5e-05,0.145,0.0822,"McCartney","McCartney","Music Hall, Jazz, Ragtime, Pop/Rock","Contemporary Pop/Rock, Early Pop/Rock","late","honey pie"
"I Am the Walrus","Magical Mystery Tour",1967,64,273,2,1,85.206,4,0.654,0.401,0.556,-10.532,0.0828,0.000359,0.589,0.0513,"Lennon","Lennon","Psychedelic Rock, Acid Rock, Experimental Rock, Pop/Rock","British Psychedelia, Contemporary Pop/Rock, Early Pop/Rock, Prog-Rock, Psychedelic/Garage","middle","i am the walrus"
"I Don't Want to Spoil the Party","Beatles For Sale",1964,46,153,7,1,95.438,4,0.889,0.533,0.668,-7.237,0.451,0,0.149,0.033,"Lennon","Lennon","Country Rock, Pop/Rock","British Invasion, Contemporary Pop/Rock, Early Pop/Rock, Rock & Roll, Country-Rock","early","i dont want to spoil the party"
"I Me Mine","Let It Be",1970,57,145,9,0,185.235,3,0.525,0.291,0.638,-7.854,0.179,0,0.101,0.0554,"Harrison","Harrison","Folk blues, Hard Rock, Pop/Rock","Album Rock, Contemporary Pop/Rock, Early Pop/Rock, Singer/Songwriter","late","i me mine"
"I Need You","Help!",1965,57,148,9,1,136.215,4,0.638,0.601,0.489,-8.554,0.277,0,0.0988,0.0455,"Harrison","Harrison","Pop/Rock","British Invasion, Contemporary Pop/Rock, Early Pop/Rock, Rock & Roll","early","i need you"
"I Saw Her Standing There","Please Please Me",1963,71,175,4,1,160.109,4,0.971,0.491,0.801,-9.835,0.27,0,0.0665,0.0361,"Lennon / McCartney","McCartney, with Lennon","Rock and Roll, Pop/Rock","British Invasion, Merseybeat, Rock & Roll","early","i saw her standing there"
"I Should Have Known Better","A Hard Day's Night",1964,59,164,7,1,130.704,4,0.91,0.682,0.444,-7.689,0.257,0,0.115,0.0289,"Lennon","Lennon","Pop/Rock","British Invasion, Contemporary Pop/Rock, Early Pop/Rock, Merseybeat, Rock & Roll, Adult Contemporary, Alternative/Indie Rock, Britpop","early","i should have known better"
"I Wanna Be Your Man","With The Beatles",1963,49,103,9,1,99.138,4,0.683,0.553,0.914,-8.232,0.477,0,0.292,0.0415,"Lennon / McCartney","Starkey","Rock and Roll, R&B, Pop/Rock","British Invasion, Merseybeat, Contemporary Pop/Rock, Early Pop/Rock","early","i wanna be your man"
"I Want You (She's So Heavy)","Abbey Road",1969,65,467,2,0,115.732,4,0.42,0.37,0.515,-9.487,0.0233,0.205,0.0966,0.0321,"Lennon","Lennon","Blues Rock, Hard Rock, Progressive Rock, Pop/Rock","Album Rock, Hard Rock, Contemporary Pop/Rock, Rock & Roll","late","i want you shes so heavy"
"I Want to Tell You","Revolver",1966,52,149,9,1,127.492,4,0.449,0.493,0.525,-9.289,0.182,4.4e-06,0.148,0.0315,"Harrison","Harrison","Psychedelic Rock, Pop/Rock","British Invasion, Contemporary Pop/Rock, Early Pop/Rock, Rock & Roll, British Psychedelia, Psychedelic/Garage","middle","i want to tell you"
"I Will","The Beatles",1968,68,106,5,1,103.11,4,0.832,0.631,0.387,-11.529,0.742,0.000406,0.0822,0.0262,"McCartney","McCartney","Folk, Pop/Rock","Contemporary Pop/Rock, Early Pop/Rock, Rock & Roll, Folk-Rock, Psychedelic/Garage, Singer/Songwriter","late","i will"
"I'll Be Back","A Hard Day's Night",1964,53,140,9,1,123.902,4,0.641,0.721,0.527,-7.224,0.744,0,0.186,0.0293,"Lennon","Lennon, with McCartney","Rock, Pop/Rock","British Invasion, Contemporary Pop/Rock, Early Pop/Rock, Merseybeat, Adult Contemporary, Alternative/Indie Rock, Britpop","early","ill be back"
"I'll Cry Instead","A Hard Day's Night",1964,49,129,7,1,96.711,4,0.96,0.643,0.73,-6.859,0.0917,0,0.253,0.0347,"Lennon","Lennon","Rock and Roll, Country, Pop/Rock","British Invasion, Contemporary Pop/Rock, Early Pop/Rock, Merseybeat, Rock & Roll, Adult Contemporary","early","ill cry instead"
"I'll Follow the Sun","Beatles For Sale",1964,69,106,0,1,133.754,4,0.625,0.689,0.313,-10.073,0.789,0,0.144,0.0366,"McCartney","McCartney, with Lennon","Folk Rock, Country, Pop/Rock","British Invasion, Contemporary Pop/Rock, Early Pop/Rock","early","ill follow the sun"
"I'm Happy Just to Dance with You","A Hard Day's Night",1964,57,118,6,0,132.115,4,0.887,0.658,0.537,-7.535,0.138,0,0.0572,0.0307,"Lennon / McCartney","Harrison","Rock, Pop/Rock","British Invasion, Contemporary Pop/Rock, Early Pop/Rock, Merseybeat, Rock & Roll, Adult Contemporary, Alternative/Indie Rock, Britpop","early","im happy just to dance with you"
"I'm Looking Through You","Rubber Soul",1965,60,147,1,1,85.843,4,0.774,0.667,0.498,-11.027,0.00772,0,0.0481,0.0364,"McCartney","McCartney, with Lennon","Folk Rock, Pop/Rock","British Invasion, Contemporary Pop/Rock, Early Pop/Rock, Folk-Rock, Psychedelic/Garage, Singer/Songwriter, Rock & Roll","middle","im looking through you"
"I'm Only Sleeping","Revolver",1966,60,182,8,0,103.477,4,0.698,0.494,0.47,-9.599,0.21,0,0.28,0.0301,"Lennon","Lennon","Psychedelic Rock, Psychedelic Folk, Pop/Rock","British Invasion, British Psychedelia, Contemporary Pop/Rock, Early Pop/Rock, Psychedelic/Garage, Rock & Roll","middle","im only sleeping"
"I'm So Tired","The Beatles",1968,58,123,9,1,68.492,4,0.717,0.433,0.483,-9.422,0.656,2.64e-05,0.539,0.175,"Lennon","Lennon","Blues Rock, Pop/Rock","Contemporary Pop/Rock, Early Pop/Rock, Hard Rock, Rock & Roll, British Psychedelia, Psychedelic/Garage","late","im so tired"
"I'm a Loser","Beatles For Sale",1964,50,151,7,1,89.877,4,0.856,0.492,0.628,-7.813,0.567,1.07e-06,0.267,0.0439,"Lennon","Lennon","Folk Rock, Country, Pop/Rock","British Invasion, Contemporary Pop/Rock, Early Pop/Rock, Rock & Roll, Country-Rock, Folk-Rock, Psychedelic/Garage","early","im a loser"
"I've Got a Feeling","Let It Be",1969,59,217,2,1,165.156,4,0.364,0.44,0.609,-8.824,0.0715,0,0.582,0.0358,"Lennon / McCartney","McCartney, with Lennon","Blues Rock, Pop/Rock","Album Rock, Contemporary Pop/Rock, Early Pop/Rock, Rock & Roll, Hard Rock","late","ive got a feeling"
"I've Just Seen a Face","Help!",1965,66,127,9,1,120.418,3,0.913,0.647,0.56,-8.809,0.723,0,0.118,0.0387,"McCartney","McCartney","Folk Rock, Country, Pop/Rock","British Invasion, Contemporary Pop/Rock, Early Pop/Rock, Rock & Roll, Folk-Rock, Psychedelic/Garage","early","ive just seen a face"
"If I Fell","A Hard Day's Night",1964,67,142,2,1,108.211,4,0.568,0.665,0.31,-8.928,0.68,0,0.0877,0.0278,"Lennon","Lennon, with McCartney","Pop/Rock","British Invasion, Contemporary Pop/Rock, Early Pop/Rock, Merseybeat, Adult Contemporary, Alternative/Indie Rock, Britpop","early","if i fell"
"If I Needed Someone","Rubber Soul",1965,56,143,9,1,127.387,4,0.796,0.492,0.755,-9.273,0.00748,0,0.102,0.0331,"Harrison","Harrison","Folk Rock, Pop/Rock","British Invasion, Contemporary Pop/Rock, Early Pop/Rock, Folk-Rock, Psychedelic/Garage, Rock & Roll","middle","if i needed someone"
"In My Life","Rubber Soul",1965,79,148,9,1,103.239,4,0.435,0.688,0.435,-11.359,0.449,0,0.113,0.0323,"Lennon / McCartney","Lennon","Baroque Pop, Pop/Rock","British Invasion, Contemporary Pop/Rock, Early Pop/Rock, Singer/Songwriter","middle","in my life"
"It Won't Be Long","With The Beatles",1963,54,133,4,1,133.117,4,0.862,0.472,0.673,-8.853,0.284,0,0.206,0.0318,"Lennon / McCartney","Lennon","Rock, Pop/Rock","British Invasion, Contemporary Pop/Rock, Early Pop/Rock, Merseybeat, Rock & Roll","early","it wont be long"
"It's All Too Much","Yellow Submarine",1967,44,388,7,1,113.511,4,0.199,0.39,0.781,-7.878,4.3e-05,0.412,0.1,0.0364,"Harrison","Harrison","Psychedelic Rock, Acid Rock, Pop/Rock","British Psychedelia, Contemporary Pop/Rock, Early Pop/Rock, Psychedelic/Garage","late","its all too much"
"It's Only Love","Help!",1965,56,115,0,1,113.155,3,0.685,0.629,0.551,-8.281,0.22,0,0.0432,0.0256,"Lennon","Lennon","Folk Rock, Pop/Rock","British Invasion, Contemporary Pop/Rock, Early Pop/Rock, Rock & Roll, Folk-Rock, Psychedelic/Garage","early","its only love"
"Julia","The Beatles",1968,57,174,2,1,134.706,4,0.193,0.512,0.0953,-16.082,0.828,0.000268,0.117,0.0304,"Lennon","Lennon","Folk, Pop/Rock","Contemporary Pop/Rock, Early Pop/Rock, Singer/Songwriter","late","julia"
"Kansas City / Hey, Hey, Hey, Hey","Beatles For Sale",1964,47,163,7,1,131.36,4,0.924,0.588,0.724,-6.63,0.614,8.92e-05,0.877,0.0335,"Leiber / Stoller / Penniman","McCartney","R&B, Rock and Roll, Pop/Rock","British Invasion, Merseybeat, Contemporary Pop/Rock, Early Pop/Rock","early","kansas city  hey hey hey hey"
"Let It Be","Let It Be",1969,81,243,0,1,143.462,4,0.41,0.443,0.403,-8.339,0.631,0,0.111,0.0322,"McCartney","McCartney","Rock, Gospel, Pop/Rock","Album Rock, Contemporary Pop/Rock, Early Pop/Rock, Rock & Roll, Singer/Songwriter","late","let it be"
"Little Child","With The Beatles",1963,46,108,9,1,75.596,4,0.886,0.526,0.858,-8.533,0.292,0.001,0.353,0.0476,"Lennon / McCartney","Lennon and McCartney","Rock and Roll, Pop/Rock","British Invasion, Contemporary Pop/Rock, Early Pop/Rock, Merseybeat, Rock & Roll","early","little child"
"Long, Long, Long","The Beatles",1968,52,184,5,1,104.837,3,0.163,0.349,0.129,-15.883,0.539,0.405,0.192,0.0294,"Harrison","Harrison","Psychedelic Folk, Pop/Rock","Contemporary Pop/Rock, Early Pop/Rock, Album Rock","late","long long long"
"Love Me Do","Please Please Me",1962,71,142,0,1,147.997,4,0.744,0.52,0.829,-6.228,0.386,6.2e-05,0.227,0.0806,"Lennon / McCartney","McCartney, with Lennon","Merseybeat, R&B, Pop/Rock","British Invasion, Early Pop/Rock, Merseybeat, Contemporary Pop/Rock, Rock & Roll","early","love me do"
"Love You to","Revolver",1966,53,181,5,1,123.986,4,0.707,0.391,0.593,-8.999,0.7,0.000249,0.0829,0.0413,"Harrison","Harrison","Indian Music, Raga Rock","British Psychedelia, Psychedelic/Garage, British Invasion, Contemporary Pop/Rock","middle","love you to"
"Lovely Rita","Sgt. Pepper's Lonely Hearts Club Band",1967,56,162,8,0,87.379,4,0.63,0.61,0.471,-9.151,0.0634,0,0.118,0.0261,"McCartney","McCartney","Psychedelic Folk, Music Hall, Pop/Rock","British Psychedelia, Contemporary Pop/Rock, Early Pop/Rock, Psychedelic/Garage, Rock & Roll","middle","lovely rita"
"Lucy in the Sky with Diamonds","Sgt. Pepper's Lonely Hearts Club Band",1967,70,208,2,1,65.09,1,0.668,0.311,0.325,-9.042,0.0469,0,0.139,0.0283,"Lennon / McCartney","Lennon","Psychedelic Rock, Pop/Rock","British Psychedelia, Contemporary Pop/Rock, Early Pop/Rock, Psychedelic/Garage, Rock & Roll","middle","lucy in the sky with diamonds"
"Maggie Mae","Let It Be",1969,51,40,2,0,169.039,4,0.524,0.516,0.515,-12.035,0.379,0,0.103,0.215,"Lennon / McCartney / Harrison / Starkey","Lennon","Skiffle, Pop/Rock","Alternative/Indie Rock, Britpop, Country-Rock","late","maggie mae"
"Magical Mystery Tour","Magical Mystery Tour",1967,56,171,9,1,170.962,4,0.338,0.297,0.613,-9.065,0.0385,3.98e-05,0.0734,0.0931,"Lennon / McCartney","McCartney","Psychedelic Rock, Pop/Rock","British Psychedelia, Contemporary Pop/Rock, Early Pop/Rock, Psychedelic/Garage","middle","magical mystery tour"
"Martha My Dear","The Beatles",1968,56,148,10,1,177.624,4,0.824,0.472,0.292,-11.591,0.872,7e-04,0.128,0.0321,"McCartney","McCartney","Music Hall, Pop/Rock","Baroque Pop, Contemporary Pop/Rock, Early Pop/Rock","late","martha my dear"
"Maxwell's Silver Hammer","Abbey Road",1969,61,207,2,1,131.12,4,0.726,0.764,0.426,-11.045,0.629,0.000119,0.132,0.0405,"McCartney","McCartney","Rock, Music Hall, Pop/Rock","Album Rock, Contemporary Pop/Rock, Early Pop/Rock, Prog-Rock","late","maxwells silver hammer"
"Mean Mr. Mustard","Abbey Road",1969,58,66,4,1,100.687,4,0.97,0.676,0.596,-9.107,0.0699,1.96e-05,0.351,0.0272,"Lennon","Lennon","Pop/Rock","Album Rock, Contemporary Pop/Rock, Hard Rock, Prog-Rock, Rock & Roll, Early Pop/Rock","late","mean mr mustard"
"Michelle","Rubber Soul",1965,70,160,5,0,117.403,4,0.666,0.578,0.29,-12.501,0.652,0,0.105,0.0341,"Lennon / McCartney","McCartney","Pop/Rock","British Invasion, Contemporary Pop/Rock, Early Pop/Rock","middle","michelle"
"Misery","Please Please Me",1963,54,107,0,1,133.348,4,0.882,0.591,0.605,-10.925,0.707,0,0.309,0.0413,"Lennon / McCartney","Lennon, with McCartney","Pop/Rock","British Invasion, Early Pop/Rock, Merseybeat, Contemporary Pop/Rock, Rock & Roll","early","misery"
"Money (That's What I Want)","With The Beatles",1963,51,167,11,0,128.816,1,0.923,0.545,0.853,-8.369,0.425,0,0.266,0.0394,"Gordy / Bradford","Lennon","Pop/Rock","British Invasion, Contemporary Pop/Rock, Early Pop/Rock, Merseybeat, Rock & Roll","early","money thats what i want"
"Mother Nature's Son","The Beatles",1968,57,168,2,1,84.78,4,0.401,0.608,0.178,-17.109,0.634,0.352,0.166,0.0264,"McCartney","McCartney","Folk, Pop/Rock","Contemporary Pop/Rock, Early Pop/Rock, Singer/Songwriter, Folk-Rock, Psychedelic/Garage","late","mother natures son"
"Mr. Moonlight","Beatles For Sale",1964,48,155,6,1,126.127,5,0.589,0.631,0.424,-9.106,0.796,0.000143,0.118,0.0438,"Johnson","Lennon","Folk Rock, Pop/Rock","British Invasion, Contemporary Pop/Rock, Rock & Roll","early","mr moonlight"
"No Reply","Beatles For Sale",1964,55,135,0,1,124.251,4,0.869,0.718,0.593,-9.976,0.67,0,0.172,0.0377,"Lennon / McCartney","Lennon, with McCartney","Folk Rock, Pop/Rock","British Invasion, Contemporary Pop/Rock, Early Pop/Rock, Rock & Roll, Folk-Rock, Psychedelic/Garage","early","no reply"
"Norwegian Wood","Rubber Soul",1965,75,125,4,1,176.625,3,0.65,0.425,0.369,-11.876,0.183,0.00126,0.112,0.0379,"Lennon / McCartney","Lennon","Folk Rock, Raga Rock, Pop/Rock","British Invasion, Contemporary Pop/Rock, Early Pop/Rock, Singer/Songwriter","middle","norwegian wood"
"Not a Second Time","With The Beatles",1963,48,128,7,1,124.848,4,0.961,0.471,0.817,-9.999,0.213,0,0.498,0.0372,"Lennon","Lennon","Rock, Pop/Rock","British Invasion, Contemporary Pop/Rock, Early Pop/Rock, Merseybeat, Rock & Roll","early","not a second time"
"Nowhere Man","Rubber Soul",1965,67,164,4,1,121.402,4,0.687,0.534,0.624,-9.589,0.00797,0,0.128,0.0462,"Lennon","Lennon","Folk Rock, Pop/Rock","British Invasion, Contemporary Pop/Rock, Early Pop/Rock, Folk-Rock, Psychedelic/Garage","middle","nowhere man"
"Ob-la-di, Ob-la-da","The Beatles",1968,74,187,10,1,113.059,4,0.975,0.818,0.728,-8.331,0.232,0.0642,0.251,0.0314,"McCartney","McCartney","Ska, Pop/Rock","Contemporary Pop/Rock, Early Pop/Rock, Rock & Roll","late","obladi oblada"
"Octopus's Garden","Abbey Road",1969,68,168,1,0,92.225,4,0.73,0.626,0.512,-9.15,0.155,4.65e-05,0.215,0.0247,"Starkey","Starkey","Rock, Pop/Rock","Album Rock, Contemporary Pop/Rock, Early Pop/Rock, Rock & Roll","late","octopuss garden"
"Oh! Darling","Abbey Road",1969,69,206,4,1,173.93,3,0.549,0.422,0.656,-8.412,0.0126,0.0279,0.268,0.0397,"McCartney","McCartney","Swamp Pop, Hard Rock, Pop/Rock","Album Rock, Contemporary Pop/Rock, Early Pop/Rock, Hard Rock, Rock & Roll","late","oh darling"
"One After 909","Let It Be",1969,51,172,4,1,90.95,4,0.888,0.554,0.828,-6.435,0.0307,0,0.907,0.0739,"Lennon","Lennon, with McCartney","Roots Rock, Pop/Rock","Album Rock, Contemporary Pop/Rock, Early Pop/Rock, Rock & Roll","late","one after 909"
"Only a Northern Song","Yellow Submarine",1967,43,207,9,1,209.242,4,0.801,0.175,0.731,-8.341,0.000341,0.000751,0.0846,0.0705,"Harrison","Harrison","Psychedelic Rock, Pop/Rock","British Psychedelia, Contemporary Pop/Rock, Early Pop/Rock, Psychedelic/Garage","late","only a northern song"
"P.S. I Love You","Please Please Me",1962,54,126,2,1,134.435,4,0.77,0.635,0.656,-8.5,0.389,0.00127,0.0828,0.0291,"Lennon / McCartney","McCartney","Merseybeat, Pop/Rock","British Invasion, Early Pop/Rock, Merseybeat, Contemporary Pop/Rock, Rock & Roll","early","ps i love you"
"Penny Lane","Magical Mystery Tour",1966,67,183,9,1,113.038,4,0.49,0.651,0.488,-8.22,0.212,0.026,0.136,0.0316,"McCartney","McCartney","Progressive Pop, Baroque Pop, Psychedelic Pop, Psychedelic Rock, Pop/Rock","British Psychedelia, Contemporary Pop/Rock, Early Pop/Rock, Psychedelic/Garage","middle","penny lane"
"Piggies","The Beatles",1968,52,124,8,1,93.245,4,0.52,0.542,0.445,-9.105,0.643,0,0.516,0.0303,"Harrison","Harrison","Baroque Pop, Folk, Pop/Rock","Baroque Pop, Contemporary Pop/Rock, Early Pop/Rock, British Psychedelia, Psychedelic/Garage","late","piggies"
"Please Mr. Postman","With The Beatles",1963,58,156,9,1,122.546,4,0.961,0.552,0.644,-9.129,0.675,0,0.36,0.0372,"Dobbins / Garrett / Holland / Bateman / Gorman","Lennon","Rock and Roll, Pop/Rock","British Invasion, Contemporary Pop/Rock, Early Pop/Rock, Merseybeat, Rock & Roll","early","please mr postman"
"Please Please Me","Please Please Me",1962,61,120,4,1,139.388,4,0.706,0.527,0.48,-9.61,0.334,0,0.0702,0.028,"Lennon","Lennon, with McCartney","Merseybeat, Rock and Roll, Pop/Rock","British Invasion, Early Pop/Rock, Merseybeat, Contemporary Pop/Rock, Rock & Roll","early","please please me"
"Polythene Pam","Abbey Road",1969,57,72,11,0,166.829,4,0.499,0.474,0.939,-8.884,0.00472,0.674,0.19,0.199,"Lennon","Lennon","Pop/Rock","Album Rock, Contemporary Pop/Roc,k, Early Pop/Rock, Hard Rock, Rock & Roll, Prog-Rock","late","polythene pam"
"Revolution","The Beatles",1968,52,201,9,1,98.425,4,0.695,0.386,0.626,-9.451,0.0785,0.00164,0.621,0.0377,"Lennon","Lennon","Hard rock, Pop/Rock","Contemporary Pop/Rock, Early Pop/Rock, Rock & Roll, Hard Rock","late","revolution"
"Revolution 9","The Beatles",1968,47,502,2,0,91.158,4,0.101,0.208,0.615,-15.297,0.769,0.118,0.824,0.342,"Lennon / Ono / Harrison","","Avant-Garde, Musique Concrete, Experimental, Sound Collage, Pop/Rock","Alternative/Indie Rock, Experimental Rock, Sound Collage, British Psychedelia, Psychedelic/Garage","late","revolution 9"
"Rock and Roll Music","Beatles For Sale",1964,55,150,9,1,167.092,4,0.965,0.457,0.917,-6.213,0.566,0,0.333,0.0441,"Berry","Lennon","Rock and Roll, Pop/Rock","British Invasion, Contemporary Pop/Rock, Rock & Roll","early","rock and roll music"
"Rocky Raccoon","The Beatles",1968,61,213,7,1,79.456,4,0.648,0.599,0.363,-11.728,0.333,0,0.243,0.0315,"Lennon / McCartney","McCartney","Country, Folk Rock, Pop/Rock","Contemporary Pop/Rock, Early Pop/Rock, Rock & Roll, Folk-Rock, Psychedelic/Garage, Singer/Songwriter","late","rocky raccoon"
"Roll Over Beethoven","With The Beatles",1963,56,168,2,1,160.673,4,0.967,0.351,0.749,-9.435,0.289,0,0.0952,0.0628,"Berry","Harrison","Rock and Roll, Pop/Rock","British Invasion, Merseybeat, Contemporary Pop/Rock, Early Pop/Rock","early","roll over beethoven"
"Run for Your Life","Rubber Soul",1965,55,138,2,1,176.732,4,0.822,0.563,0.705,-9.232,0.0103,0,0.0552,0.103,"Lennon / McCartney","Lennon","Rock, Rock and Roll, Pop/Rock","British Invasion, Contemporary Pop/Rock, Early Pop/Rock, Folk-Rock, Psychedelic/Garage, Rock & Roll","middle","run for your life"
"Savoy Truffle","The Beatles",1968,50,174,11,0,120.761,4,0.793,0.623,0.544,-11.043,0.00814,0.309,0.134,0.0536,"Harrison","Harrison","Soul, Blues Rock, Hard Rock, Pop/Rock","Contemporary Pop/Rock, Early Pop/Rock, Rock & Roll, Album Rock, British Psychedelia, Psychedelic/Garage","late","savoy truffle"
"Sexy Sadie","The Beatles",1968,54,195,0,1,75.478,4,0.671,0.577,0.624,-9.626,0.33,0.00622,0.117,0.0285,"Lennon","Lennon","Pop/Rock","Contemporary Pop/Rock, Early Pop/Rock, Rock & Roll, Album Rock, British Psychedelia, Psychedelic/Garage","late","sexy sadie"
"Sgt. Pepper's Lonely Hearts Club Band","Sgt. Pepper's Lonely Hearts Club Band",1967,64,119,7,1,95.513,4,0.583,0.451,0.673,-9.115,0.0857,0.00225,0.797,0.0734,"McCartney","McCartney, with Lennon","Psychedelic Rock, Hard Rock, Pop/Rock","British Psychedelia, Contemporary Pop/Rock, Early Pop/Rock, Psychedelic/Garage, Rock & Roll, Hard Rock","middle","sgt peppers lonely hearts club band"
"Sgt. Pepper's Lonely Hearts Club Band (Reprise)","Sgt. Pepper's Lonely Hearts Club Band",1967,52,80,0,1,118.773,4,0.879,0.653,0.889,-8.006,0.0061,0.589,0.892,0.0453,"McCartney","McCartney, with Lennon and Harrison","Psychedelic Rock, Hard Rock, Pop/Rock","British Psychedelia, Contemporary Pop/Rock, Early Pop/Rock, Psychedelic/Garage, Rock & Roll, Hard Rock","middle","sgt peppers lonely hearts club band reprise"
"She Came in Through the Bathroom Window","Abbey Road",1969,61,117,2,1,80.652,4,0.69,0.53,0.72,-8.793,0.00376,3.38e-05,0.314,0.0338,"McCartney","McCartney","Rock, Pop/Rock","Album Rock, Contemporary Pop/Rock, Early Pop/Rock, Hard Rock, Rock & Roll, Prog-Rock","late","she came in through the bathroom window"
"She Said She Said","Revolver",1966,56,157,3,1,106.476,4,0.672,0.329,0.678,-7.878,0.103,0.168,0.843,0.0344,"Lennon","Lennon","Psychedelic Rock, Acid Rock[, Pop/Rock","British Invasion, British Psychedelia, Contemporary Pop/Rock, Early Pop/Rock, Psychedelic/Garage, Rock & Roll","middle","she said she said"
"She's Leaving Home","Sgt. Pepper's Lonely Hearts Club Band",1967,60,215,4,1,127.581,3,0.393,0.381,0.214,-11.629,0.944,0,0.106,0.0337,"Lennon / McCartney","McCartney, with Lennon","Baroque Pop, Pop/Rock","Contemporary Pop/Rock, Early Pop/Rock, British Psychedelia, Psychedelic/Garage","middle","shes leaving home"
"Something","Abbey Road",1969,76,179,0,1,133.522,4,0.377,0.396,0.338,-10.872,0.198,2.62e-06,0.138,0.0304,"Harrison","Harrison","Rock, Pop/Rock","Contemporary Pop/Rock, Early Pop/Rock","late","something"
"Strawberry Fields Forever","Magical Mystery Tour",1966,71,245,10,1,97.871,4,0.289,0.39,0.502,-12.277,0.336,0.000138,0.0713,0.178,"Lennon","Lennon","Psychedelic Rock, Art Pop, Psychedelic Pop, Pop/Rock","British Psychedelia, Contemporary Pop/Rock, Early Pop/Rock, Prog-Rock, Psychedelic/Garage","middle","strawberry fields forever"
"Sun King","Abbey Road",1969,59,146,2,1,74.994,4,0.192,0.483,0.177,-17.629,0.284,0.499,0.116,0.0277,"Lennon","Lennon","Art Pop, Pop/Rock","Album Rock, Contemporary Pop/Rock, Early Pop/Rock, British Psychedelia, Prog-Rock, Psychedelic/Garage","late","sun king"
"Taxman","Revolver",1966,60,159,7,1,133.586,4,0.783,0.469,0.596,-8.348,0.0101,0,0.321,0.0749,"Harrison","Harrison","Rock, Hard Rock, Psychedelic Rock, Pop/Rock","British Invasion, Contemporary Pop/Rock, Early Pop/Rock, Rock & Roll","middle","taxman"
"Tell Me What You See","Help!",1965,49,156,7,1,136.675,4,0.7,0.592,0.796,-8.125,0.061,0,0.131,0.0429,"Lennon / McCartney","McCartney, with Lennon","Rock, Pop/Rock","British Invasion, Contemporary Pop/Rock, Early Pop/Rock, Rock & Roll, Folk-Rock, Psychedelic/Garage","early","tell me what you see"
"Tell Me Why","A Hard Day's Night",1964,52,130,11,0,150.942,3,0.797,0.267,0.688,-6.309,0.586,0,0.307,0.0388,"Lennon","Lennon","Rock and Roll, Pop/Rock","British Invasion, Contemporary Pop/Rock, Early Pop/Rock, Merseybeat, Rock & Roll, Adult Contemporary, Alternative/Indie Rock, Britpop","early","tell me why"
"The Continuing Story of Bungalow Bill","The Beatles",1968,54,198,0,1,114.816,4,0.648,0.621,0.459,-10.414,0.224,0,0.656,0.104,"Lennon","Lennon, with Starkey","Folk Rock, Pop/Rock","","late","the continuing story of bungalow bill"
"The End","Abbey Road",1969,59,140,11,0,123.444,1,0.222,0.647,0.487,-10.119,0.00101,0.285,0.138,0.0689,"McCartney","McCartney","Hard Rock, Art Rock, Heavy Metal, Pop/Rock","Album Rock, Contemporary Pop/Rock, Early Pop/Rock, Prog-RockHard Rock","late","the end"
"The Fool on the Hill","Magical Mystery Tour",1967,60,180,4,0,144.184,4,0.49,0.356,0.26,-10.577,0.913,2.1e-06,0.105,0.0314,"McCartney","McCartney","Baroque Pop, Pop/Rock","British Psychedelia, Contemporary Pop/Rock, Early Pop/Rock, Psychedelic/Garage","middle","the fool on the hill"
"The Long and Winding Road","Let It Be",1969,68,220,3,1,132.282,4,0.392,0.299,0.329,-10.096,0.756,0.0105,0.0559,0.0279,"McCartney","McCartney","Pop/Rock","Contemporary Pop/Rock, Early Pop/Rock, Singer/Songwriter","late","the long and winding road"
"The Night Before","Help!",1965,56,153,2,1,84.496,4,0.632,0.461,0.762,-6.727,0.0537,0,0.238,0.0379,"McCartney","McCartney","Electronic Pop/Rock","Adult Contemporary, Club/Dance","early","the night before"
"The Word","Rubber Soul",1965,55,161,0,1,120.773,4,0.792,0.59,0.641,-9.687,0.00682,0,0.0553,0.0416,"Lennon / McCartney","Lennon, McCartney and Harrison","Rock, Pop/Rock","British Invasion, Contemporary Pop/Rock, Early Pop/Rock, Rock & Roll","middle","the word"
"There's a Place","Please Please Me",1963,51,109,4,1,140.928,4,0.927,0.455,0.582,-10.009,0.629,4.22e-06,0.172,0.0292,"Lennon / McCartney","Lennon and McCartney","Merseybeat, Rock and Roll, Pop/Rock","British Invasion, Early Pop/Rock, Merseybeat, Contemporary Pop/Rock, Rock & Roll","early","theres a place"
"Things We Said Today","A Hard Day's Night",1964,56,158,2,0,137.054,4,0.516,0.551,0.575,-8.208,0.239,0,0.112,0.0332,"McCartney","McCartney","Rock, Pop/Rock","British Invasion, Contemporary Pop/Rock, Early Pop/Rock, Merseybeat, Rock & Roll, Adult Contemporary, Alternative/Indie Rock, Britpop","early","things we said today"
"Think for Yourself","Rubber Soul",1965,55,138,0,1,130.544,4,0.799,0.529,0.567,-9.796,0.0124,0,0.0729,0.0282,"Harrison","Harrison","Pop/Rock","British Invasion, Contemporary Pop/Rock, Early Pop/Rock, Rock & Roll","middle","think for yourself"
"Ticket to Ride","Help!",1965,69,190,9,1,123.419,4,0.749,0.519,0.85,-6.777,0.0457,0,0.233,0.0678,"Lennon","Lennon, with McCartney","Power Pop, Jangle Pop, Folk Rock, Pop/Rock","British Invasion, Contemporary Pop/Rock, Early Pop/Rock, Rock & Roll, Folk-Rock, Psychedelic/Garage","early","ticket to ride"
"Till There Was You","With The Beatles",1963,66,136,5,1,122.421,4,0.646,0.727,0.338,-13.887,0.79,0,0.105,0.0454,"Willson","McCartney","Pop/Rock","British Invasion, Contemporary Pop/Rock, Early Pop/Rock, Merseybeat, Cast Recordings, Show Tunes","early","till there was you"
"Tomorrow Never Knows","Revolver",1966,59,178,5,1,125.887,4,0.0534,0.38,0.829,-6.105,8.4e-05,0.00208,0.342,0.0405,"Lennon","Lennon","Psychedelic Rock, Hard Rock, Avant-Pop, Experimental Rock, Pop/Rock","British Psychedelia, Contemporary Pop/Rock, Early Pop/Rock, Psychedelic/Garage, Rock & Roll, British Invasion","middle","tomorrow never knows"
"Twist and Shout","Please Please Me",1963,80,125,2,1,124.631,4,0.937,0.482,0.849,-9.198,0.641,7.74e-06,0.0414,0.0452,"Medley / Russell","Lennon","Rock and Roll, R&B, Pop/Rock","British Invasion, Contemporary Pop/Rock, Early Pop/Rock, Merseybeat, Rock & Roll","early","twist and shout"
"Two of Us","Let It Be",1969,61,213,7,1,109.114,4,0.931,0.726,0.702,-10.757,0.0974,3.46e-05,0.239,0.032,"McCartney","McCartney, with Lennon","Folk Rock, Pop/Rock","Contemporary Pop/Rock, Early Pop/Rock, Singer/Songwriter, Album Rock","late","two of us"
"Wait","Rubber Soul",1965,55,136,6,0,127.201,4,0.657,0.552,0.487,-10.574,0.0175,0,0.105,0.04,"Lennon / McCartney","McCartney, with Lennon","Folk Rock, Pop/Rock","British Invasion, Contemporary Pop/Rock, Early Pop/Rock, Rock & Roll","middle","wait"
"What Goes on","Rubber Soul",1965,54,170,4,1,96.93,4,0.765,0.67,0.776,-10.035,0.0168,3.01e-06,0.0732,0.0749,"Lennon / McCartney / Starkey","Starkey","Country rock, Country, Pop/Rock","British Invasion, Contemporary Pop/Rock, Early Pop/Rock, Rock & Roll, Country-Rock, Bakersfield Sound","middle","what goes on"
"What You're Doing","Beatles For Sale",1964,47,150,2,1,129.506,4,0.825,0.695,0.53,-8.309,0.301,2e-06,0.0583,0.0403,"McCartney","McCartney","Jangle pop, Pop/Rock","British Invasion, Contemporary Pop/Rock, Early Pop/Rock, Rock & Roll, Merseybeat, Folk-Rock, Psychedelic/Garage","early","what youre doing"
"When I Get Home","A Hard Day's Night",1964,47,138,9,0,125.375,4,0.64,0.568,0.793,-6.201,0.384,0,0.388,0.0482,"Lennon","Lennon","Rock and Roll, Pop/Rock","British Invasion, Contemporary Pop/Rock, Early Pop/Rock, Merseybeat, Rock & Roll, Alternative/Indie Rock, Britpop, Club/Dance","early","when i get home"
"When I'm Sixty Four","Sgt. Pepper's Lonely Hearts Club Band",1966,68,157,1,1,140.411,4,0.661,0.704,0.241,-13.258,0.625,2.8e-05,0.0868,0.0476,"McCartney","McCartney","Music Hall, Pop/Rock","Contemporary Pop/Rock, Early Pop/Rock, British Psychedelia, Psychedelic/Garage","middle","when im sixty four"
"While My Guitar Gently Weeps","The Beatles",1968,74,286,4,0,115,4,0.702,0.453,0.654,-8.855,0.0205,0.00395,0.172,0.0317,"Harrison","Harrison","Rock, Psychedelic Rock, Blues Rock, Pop/Rock","British Psychedelia, Contemporary Pop/Rock, Early Pop/Rock, Psychedelic/Garage","late","while my guitar gently weeps"
"Why Don't We Do It in the Road?","The Beatles",1968,52,102,2,1,187.688,4,0.957,0.589,0.522,-8.718,0.53,0.000243,0.0993,0.0521,"McCartney","McCartney","Rock, Blues, Pop/Rock","Contemporary Pop/Rock, Early Pop/Rock, Rock & Roll, Hard Rock, Blues-Rock","late","why dont we do it in the road"
"Wild Honey Pie","The Beatles",1968,52,52,2,1,89.9,4,0.152,0.792,0.763,-11.185,0.425,0.627,0.789,0.0506,"McCartney","McCartney","Experimental pop, Lo-Fi, Psychedelic Folk, Pop/Rock","British Psychedelia, Contemporary Pop/Rock, Early Pop/Rock, Psychedelic/Garage","late","wild honey pie"
"With a Little Help From My Friends","Sgt. Pepper's Lonely Hearts Club Band",1967,69,164,4,1,112.035,4,0.803,0.705,0.515,-9.343,0.365,0,0.389,0.0337,"Lennon / McCartney","Starkey","Pop Rock, Psychedelic Pop, Pop/Rock","Contemporary Pop/Rock, Early Pop/Rock, British Psychedelia, Psychedelic/Garage, Rock & Roll","middle","with a little help from my friends"
"Within You Without You","Sgt. Pepper's Lonely Hearts Club Band",1967,54,305,6,1,126.166,4,0.354,0.352,0.479,-9.965,0.339,0.000353,0.486,0.0338,"Harrison","Harrison","Indian Classical, Raga Rock, Pop/Rock","British Psychedelia, Psychedelic/Garage, Contemporary Pop/Rock","middle","within you without you"
"Words of Love","Beatles For Sale",1964,51,122,9,1,122.358,4,0.85,0.551,0.533,-9.8,0.323,0.722,0.173,0.0297,"Holly","Lennon and McCartney","Pop/Rock","British Invasion, Contemporary Pop/Rock, Early Pop/Rock, Rock & Roll","early","words of love"
"Yellow Submarine","Revolver",1966,61,158,1,1,111.398,4,0.696,0.604,0.549,-9.873,0.531,0,0.438,0.0389,"McCartney","Starkey","Children's Music, Folk, Pop/Rock","British Invasion, British Psychedelia, Contemporary Pop/Rock, Early Pop/Rock, Psychedelic Pop, Psychedelic/Garage","middle","yellow submarine"
"Yer Blues","The Beatles",1968,54,241,9,1,151.766,3,0.435,0.327,0.525,-10.272,0.000875,0.259,0.133,0.0475,"Lennon","Lennon","Blues Rock, Hard Rock, Pop/Rock","Blues-Rock, British Blues, Contemporary Pop/Rock, Hard Rock, Regional Blues, Rock & Roll, Album Rock","late","yer blues"
"Yesterday","Help!",1965,80,123,5,1,96.529,4,0.315,0.332,0.179,-11.83,0.879,0,0.0886,0.0326,"McCartney","McCartney","Baroque Pop, Pop/Rock","British Invasion, Contemporary Pop/Rock, Early Pop/Rock, Folk-Rock, Psychedelic/Garage, Singer/Songwriter","early","yesterday"
"You Can't Do That","A Hard Day's Night",1964,51,157,0,1,129.161,4,0.961,0.612,0.788,-6.251,0.367,0,0.382,0.0335,"Lennon","Lennon","Rock and Roll, R&B, Pop/Rock","British Invasion, Contemporary Pop/Rock, Early Pop/Rock, Merseybeat, Rock & Roll, Adult Contemporary, Alternative/Indie Rock, Britpop","early","you cant do that"
"You Like Me Too Much","Help!",1965,50,155,7,1,88.316,4,0.899,0.555,0.57,-7.869,0.415,0,0.191,0.0302,"Harrison","Harrison","Pop/Rock","British Invasion, Contemporary Pop/Rock, Early Pop/Rock","early","you like me too much"
"You Never Give Me Your Money","Abbey Road",1969,60,242,0,1,174.464,3,0.223,0.335,0.416,-11.051,0.345,0.136,0.116,0.0348,"McCartney","McCartney","Rock, Pop/Rock","Album Rock, Contemporary Pop/Rock, Early Pop/Rock, Prog-Rock, Rock & Roll","late","you never give me your money"
"You Won't See Me","Rubber Soul",1965,57,202,9,1,115.941,4,0.473,0.488,0.539,-8.752,0.136,0,0.0538,0.0304,"McCartney","McCartney","Pop/Rock","British Invasion, Contemporary Pop/Rock, Early Pop/Rock, Rock & Roll","middle","you wont see me"
"You're Going to Lose That Girl","Help!",1965,57,140,4,1,131.975,4,0.818,0.533,0.66,-7.694,0.346,0,0.26,0.0337,"Lennon","Lennon","Rock, Pop/Rock","British Invasion, Contemporary Pop/Rock, Early Pop/Rock, Rock & Roll","early","youre going to lose that girl"
"You've Got to Hide Your Love Away","Help!",1965,73,131,7,1,184.267,3,0.378,0.398,0.392,-9.05,0.207,0,0.102,0.0282,"Lennon","Lennon","FolkPop/Rock","British Invasion, Contemporary Pop/Rock, Early Pop/Rock, Folk-Rock, Psychedelic/Garage","early","youve got to hide your love away"
"You Really Got a Hold on Me","With The Beatles",1963,54,182,9,1,77.643,4,0.687,0.373,0.388,-9.31,0.525,0,0.267,0.0337,"Robinson","Lennon and Harrison","Soul, Pop/Rock","British Invasion, Contemporary Pop/Rock, Early Pop/Rock, Merseybeat, Rock & Roll","early","you really got a hold on me"
"Your Mother Should Know","Magical Mystery Tour",1967,58,149,0,1,117.613,4,0.724,0.698,0.293,-11.361,0.784,0.0106,0.0936,0.0332,"McCartney","McCartney","Music Hall, Vaudeville Rock, Psychedelic Pop, Pop/Rock","British Psychedelia, Contemporary Pop/Rock, Early Pop/Rock, Psychedelic/Garage","middle","your mother should know"
